"Symbol  ","Series  ","Date  ","Prev Close  ","Open Price  ","High Price  ","Low Price  ","Last Price  ","Close Price  ","Average Price ","Total Traded Quantity  ","Turnover ₹  ","No. of Trades  ","Deliverable Qty  ","% Dly Qt to Traded Qty  "
"TATACOMM","EQ","18-Nov-2024","1,749.90","1,749.90","1,755.80","1,715.20","1,727.25","1,727.35","1,728.01","2,27,643","39,33,69,356.10","19,911","1,41,767","62.28"
"TATACOMM","EQ","19-Nov-2024","1,727.35","1,727.25","1,773.00","1,721.00","1,730.60","1,736.70","1,748.05","1,62,668","28,43,52,040.80","21,210","59,546","36.61"
"TATACOMM","EQ","21-Nov-2024","1,736.70","1,725.05","1,733.85","1,699.25","1,710.00","1,711.55","1,714.03","1,26,914","21,75,34,833.00","13,283","50,432","39.74"
"TATACOMM","EQ","22-Nov-2024","1,711.55","1,712.00","1,744.75","1,701.00","1,740.00","1,738.15","1,723.42","1,62,339","27,97,78,403.25","18,840","74,382","45.82"
"TATACOMM","EQ","25-Nov-2024","1,738.15","1,751.00","1,791.20","1,751.00","1,790.95","1,784.10","1,782.59","5,06,465","90,28,20,589.05","29,416","3,32,826","65.72"
"TATACOMM","EQ","26-Nov-2024","1,784.10","1,790.00","1,817.25","1,762.00","1,765.95","1,765.05","1,784.65","2,41,531","43,10,48,093.95","23,143","77,593","32.13"
"TATACOMM","EQ","27-Nov-2024","1,765.05","1,772.80","1,775.20","1,744.55","1,760.00","1,763.00","1,763.15","1,48,132","26,11,79,604.90","12,828","65,222","44.03"
"TATACOMM","EQ","28-Nov-2024","1,763.00","1,757.15","1,765.35","1,728.15","1,745.00","1,745.10","1,744.73","4,60,400","80,32,74,116.10","36,551","2,42,186","52.60"
"TATACOMM","EQ","29-Nov-2024","1,745.10","1,730.00","1,759.10","1,729.20","1,756.75","1,755.10","1,749.14","3,51,952","61,56,13,942.50","31,495","2,00,071","56.85"
"TATACOMM","EQ","02-Dec-2024","1,755.10","1,755.10","1,798.35","1,741.70","1,789.80","1,792.15","1,775.78","1,73,554","30,81,94,444.75","16,151","66,215","38.15"
"TATACOMM","EQ","03-Dec-2024","1,792.15","1,805.00","1,815.30","1,790.30","1,805.50","1,807.90","1,807.43","4,45,536","80,52,76,695.75","33,626","1,98,231","44.49"
"TATACOMM","EQ","04-Dec-2024","1,807.90","1,807.90","1,822.75","1,790.00","1,805.00","1,800.85","1,805.11","2,93,897","53,05,17,032.05","22,906","1,46,982","50.01"
"TATACOMM","EQ","05-Dec-2024","1,800.85","1,814.00","1,814.95","1,789.00","1,805.00","1,805.70","1,803.36","1,96,144","35,37,17,544.50","21,992","91,858","46.83"
"TATACOMM","EQ","06-Dec-2024","1,805.70","1,807.00","1,811.30","1,783.70","1,792.50","1,788.10","1,795.67","1,83,784","33,00,14,971.30","17,326","85,735","46.65"
"TATACOMM","EQ","09-Dec-2024","1,788.10","1,780.00","1,803.50","1,777.10","1,790.30","1,785.35","1,787.47","2,11,992","37,89,29,245.80","21,753","1,09,667","51.73"
"TATACOMM","EQ","10-Dec-2024","1,785.35","1,794.70","1,798.55","1,769.15","1,775.05","1,775.10","1,779.82","1,81,819","32,36,04,606.80","13,688","1,21,979","67.09"
"TATACOMM","EQ","11-Dec-2024","1,775.10","1,779.90","1,844.00","1,774.20","1,844.00","1,839.95","1,826.48","6,09,522","1,11,32,77,907.90","35,413","1,91,745","31.46"
"TATACOMM","EQ","12-Dec-2024","1,839.95","1,842.50","1,861.80","1,827.90","1,851.85","1,851.10","1,846.77","7,86,410","1,45,23,16,493.25","37,294","3,45,534","43.94"
"TATACOMM","EQ","13-Dec-2024","1,851.10","1,839.10","1,846.45","1,781.00","1,840.00","1,840.95","1,818.32","3,45,271","62,78,14,410.10","27,991","1,16,728","33.81"
"TATACOMM","EQ","16-Dec-2024","1,840.95","1,841.05","1,860.60","1,841.05","1,845.00","1,856.25","1,854.36","2,94,052","54,52,78,895.40","13,900","1,74,734","59.42"
"TATACOMM","EQ","17-Dec-2024","1,856.25","1,850.30","1,858.65","1,798.50","1,806.90","1,813.55","1,819.94","2,59,393","47,20,78,425.20","21,131","1,22,904","47.38"
"TATACOMM","EQ","18-Dec-2024","1,813.55","1,812.10","1,814.10","1,786.25","1,796.15","1,795.55","1,798.25","3,61,677","65,03,86,807.65","25,290","2,29,743","63.52"
"TATACOMM","EQ","19-Dec-2024","1,795.55","1,750.00","1,797.10","1,749.95","1,766.35","1,768.00","1,775.58","2,24,198","39,80,80,585.00","18,616","91,461","40.79"
"TATACOMM","EQ","20-Dec-2024","1,768.00","1,768.00","1,785.40","1,704.20","1,711.45","1,710.45","1,734.49","3,02,890","52,53,58,880.05","26,763","1,81,460","59.91"
"TATACOMM","EQ","23-Dec-2024","1,710.45","1,721.95","1,732.85","1,700.00","1,716.45","1,709.45","1,717.97","2,16,183","37,13,95,307.40","20,176","89,723","41.50"
"TATACOMM","EQ","24-Dec-2024","1,709.45","1,718.90","1,727.70","1,702.00","1,707.00","1,721.80","1,717.64","1,67,662","28,79,83,667.10","16,172","66,282","39.53"
"TATACOMM","EQ","26-Dec-2024","1,721.80","1,721.80","1,738.00","1,703.55","1,728.75","1,733.35","1,718.58","3,26,464","56,10,54,390.50","22,834","1,71,845","52.64"
"TATACOMM","EQ","27-Dec-2024","1,733.35","1,733.35","1,743.95","1,705.00","1,710.15","1,713.60","1,721.77","1,94,715","33,52,54,559.25","14,570","1,07,877","55.40"
"TATACOMM","EQ","30-Dec-2024","1,713.60","1,713.60","1,728.50","1,685.05","1,702.85","1,697.10","1,708.18","3,31,539","56,63,28,144.25","21,801","1,79,920","54.27"
"TATACOMM","EQ","31-Dec-2024","1,697.10","1,697.05","1,717.45","1,681.05","1,711.90","1,703.40","1,698.92","1,42,307","24,17,67,683.70","14,006","60,823","42.74"
"TATACOMM","EQ","01-Jan-2025","1,703.40","1,710.00","1,731.90","1,698.95","1,725.50","1,725.65","1,722.57","1,15,875","19,96,02,873.60","12,358","48,582","41.93"
"TATACOMM","EQ","02-Jan-2025","1,725.65","1,730.00","1,752.35","1,711.40","1,742.00","1,745.05","1,734.20","1,51,336","26,24,46,216.45","15,617","67,912","44.87"
"TATACOMM","EQ","03-Jan-2025","1,745.05","1,743.00","1,759.65","1,731.00","1,737.00","1,736.55","1,744.19","1,32,681","23,14,21,330.75","14,513","59,975","45.20"
"TATACOMM","EQ","06-Jan-2025","1,736.55","1,733.65","1,748.70","1,682.05","1,697.95","1,691.20","1,712.14","3,42,429","58,62,86,211.70","42,830","1,79,051","52.29"
"TATACOMM","EQ","07-Jan-2025","1,691.20","1,690.00","1,705.00","1,680.00","1,689.85","1,686.45","1,690.57","1,94,557","32,89,12,797.00","20,457","1,05,734","54.35"
"TATACOMM","EQ","08-Jan-2025","1,686.45","1,686.95","1,734.00","1,659.25","1,700.75","1,704.70","1,702.42","8,72,411","1,48,52,11,223.80","86,126","4,46,436","51.17"
"TATACOMM","EQ","09-Jan-2025","1,704.70","1,696.25","1,745.40","1,693.75","1,710.00","1,706.80","1,723.05","4,76,320","82,07,20,971.40","32,783","1,95,494","41.04"
"TATACOMM","EQ","10-Jan-2025","1,706.80","1,708.20","1,730.85","1,671.10","1,724.00","1,718.90","1,711.46","3,70,084","63,33,85,562.25","24,548","1,71,061","46.22"
"TATACOMM","EQ","13-Jan-2025","1,718.90","1,700.80","1,706.90","1,624.50","1,628.40","1,632.30","1,660.89","2,87,238","47,70,71,608.10","27,514","1,20,959","42.11"
"TATACOMM","EQ","14-Jan-2025","1,632.30","1,648.00","1,706.65","1,635.30","1,678.15","1,676.90","1,676.16","3,82,855","64,17,24,782.05","32,234","2,24,825","58.72"
"TATACOMM","EQ","15-Jan-2025","1,676.90","1,675.00","1,704.75","1,668.20","1,679.95","1,675.25","1,686.50","1,63,380","27,55,40,404.10","15,018","84,998","52.02"
"TATACOMM","EQ","16-Jan-2025","1,675.25","1,681.05","1,716.95","1,681.05","1,705.80","1,707.20","1,700.59","1,69,629","28,84,69,065.05","15,974","74,094","43.68"
"TATACOMM","EQ","17-Jan-2025","1,707.20","1,705.00","1,722.40","1,695.00","1,696.60","1,698.15","1,705.03","72,086","12,29,08,824.05","8,054","31,012","43.02"
"TATACOMM","EQ","20-Jan-2025","1,698.15","1,695.10","1,742.45","1,679.05","1,725.10","1,729.90","1,711.58","1,46,076","25,00,20,721.90","16,999","55,132","37.74"
"TATACOMM","EQ","21-Jan-2025","1,729.90","1,748.00","1,748.00","1,685.00","1,700.95","1,697.05","1,704.61","1,95,763","33,36,99,678.90","20,736","63,425","32.40"
"TATACOMM","EQ","22-Jan-2025","1,697.05","1,697.00","1,707.80","1,588.15","1,673.00","1,677.95","1,652.96","10,56,383","1,74,61,60,536.95","75,687","2,22,937","21.10"
"TATACOMM","EQ","23-Jan-2025","1,677.95","1,684.85","1,694.95","1,604.25","1,646.65","1,646.30","1,637.34","11,22,214","1,83,74,45,281.85","79,372","3,70,846","33.05"
"TATACOMM","EQ","24-Jan-2025","1,646.30","1,648.30","1,686.00","1,622.15","1,632.00","1,629.45","1,652.03","3,55,209","58,68,15,104.35","31,491","78,040","21.97"
"TATACOMM","EQ","27-Jan-2025","1,629.45","1,615.00","1,616.30","1,560.00","1,569.40","1,569.40","1,593.07","3,18,852","50,79,52,417.25","25,860","1,59,945","50.16"
"TATACOMM","EQ","28-Jan-2025","1,569.40","1,575.00","1,587.00","1,551.55","1,557.00","1,559.25","1,566.71","2,61,611","40,98,68,615.05","27,753","1,32,493","50.65"
"TATACOMM","EQ","29-Jan-2025","1,559.25","1,557.00","1,577.60","1,550.00","1,557.50","1,555.10","1,565.33","3,04,022","47,58,93,837.45","23,885","1,73,456","57.05"
"TATACOMM","EQ","30-Jan-2025","1,555.10","1,556.80","1,601.55","1,556.80","1,587.80","1,586.95","1,583.73","2,40,945","38,15,91,632.20","24,367","80,871","33.56"
"TATACOMM","EQ","31-Jan-2025","1,586.95","1,592.00","1,638.75","1,580.10","1,631.85","1,633.00","1,614.72","2,53,718","40,96,82,770.30","23,227","1,19,990","47.29"
"TATACOMM","EQ","01-Feb-2025","1,633.00","1,633.60","1,642.70","1,592.60","1,607.65","1,616.70","1,615.99","1,54,011","24,88,79,486.55","16,505","49,128","31.90"
"TATACOMM","EQ","03-Feb-2025","1,616.70","1,600.20","1,600.20","1,550.60","1,555.00","1,560.50","1,568.48","1,61,248","25,29,14,115.70","19,438","48,045","29.80"
"TATACOMM","EQ","04-Feb-2025","1,560.50","1,563.50","1,590.10","1,557.90","1,582.00","1,586.45","1,577.60","93,419","14,73,78,153.05","11,082","42,359","45.34"
"TATACOMM","EQ","05-Feb-2025","1,586.45","1,586.45","1,627.45","1,584.05","1,608.40","1,605.35","1,610.08","2,65,015","42,66,96,428.65","21,332","1,57,898","59.58"
"TATACOMM","EQ","06-Feb-2025","1,605.35","1,611.30","1,621.50","1,578.20","1,584.80","1,586.90","1,593.02","1,73,485","27,63,64,892.40","12,365","95,682","55.15"
"TATACOMM","EQ","07-Feb-2025","1,586.90","1,586.90","1,622.00","1,584.05","1,602.15","1,605.80","1,605.50","1,76,864","28,39,54,306.50","17,673","60,328","34.11"
"TATACOMM","EQ","10-Feb-2025","1,605.80","1,597.90","1,605.75","1,565.00","1,570.05","1,572.00","1,576.07","90,171","14,21,15,917.75","9,794","32,571","36.12"
"TATACOMM","EQ","11-Feb-2025","1,572.00","1,570.80","1,571.85","1,513.25","1,515.00","1,525.35","1,533.16","1,60,158","24,55,47,055.35","16,036","65,582","40.95"
"TATACOMM","EQ","12-Feb-2025","1,525.35","1,530.00","1,538.00","1,479.40","1,526.10","1,522.15","1,511.80","1,41,347","21,36,88,379.70","16,022","51,012","36.09"
"TATACOMM","EQ","13-Feb-2025","1,522.15","1,532.90","1,553.50","1,519.95","1,520.05","1,523.20","1,537.04","1,15,689","17,78,18,650.80","20,972","48,046","41.53"
"TATACOMM","EQ","14-Feb-2025","1,523.20","1,527.00","1,534.05","1,483.60","1,500.00","1,503.20","1,501.22","2,35,776","35,39,52,386.85","16,903","1,02,181","43.34"
"TATACOMM","EQ","17-Feb-2025","1,503.20","1,503.40","1,530.40","1,480.00","1,510.45","1,507.45","1,505.23","1,93,536","29,13,17,012.55","18,831","76,439","39.50"
"TATACOMM","EQ","18-Feb-2025","1,507.45","1,510.45","1,510.45","1,468.50","1,479.75","1,488.30","1,480.77","1,70,265","25,21,23,518.00","26,378","73,270","43.03"
"TATACOMM","EQ","19-Feb-2025","1,488.30","1,488.30","1,518.50","1,469.85","1,499.60","1,501.80","1,503.74","1,47,128","22,12,41,878.75","17,458","63,163","42.93"
"TATACOMM","EQ","20-Feb-2025","1,501.80","1,499.70","1,509.35","1,476.00","1,488.00","1,486.30","1,488.04","2,07,052","30,81,01,787.50","44,294","1,18,387","57.18"
"TATACOMM","EQ","21-Feb-2025","1,486.30","1,486.35","1,495.45","1,439.10","1,440.00","1,450.15","1,461.19","2,82,141","41,22,60,805.25","29,137","1,55,546","55.13"
"TATACOMM","EQ","24-Feb-2025","1,450.15","1,441.65","1,445.00","1,415.10","1,435.95","1,436.05","1,429.28","7,41,744","1,06,01,61,825.10","52,765","4,93,789","66.57"
"TATACOMM","EQ","25-Feb-2025","1,436.05","1,428.85","1,453.20","1,401.20","1,402.55","1,405.45","1,419.57","5,97,426","84,80,87,150.05","32,430","4,38,461","73.39"
"TATACOMM","EQ","27-Feb-2025","1,405.45","1,406.60","1,411.60","1,376.90","1,390.00","1,388.95","1,386.20","4,58,204","63,51,61,880.20","51,397","2,86,156","62.45"
"TATACOMM","EQ","28-Feb-2025","1,388.95","1,367.75","1,377.95","1,343.30","1,350.00","1,352.50","1,354.51","7,96,779","1,07,92,47,854.55","48,643","5,22,513","65.58"
"TATACOMM","EQ","03-Mar-2025","1,352.50","1,351.05","1,365.20","1,316.55","1,320.00","1,323.95","1,329.54","9,15,284","1,21,69,05,793.05","48,667","6,21,136","67.86"
"TATACOMM","EQ","04-Mar-2025","1,323.95","1,309.10","1,328.00","1,291.00","1,315.90","1,316.25","1,314.19","8,10,532","1,06,51,91,811.80","60,904","5,03,661","62.14"
"TATACOMM","EQ","05-Mar-2025","1,316.25","1,316.35","1,396.75","1,313.55","1,392.70","1,390.00","1,363.96","9,08,298","1,23,88,86,333.60","73,990","5,51,194","60.68"
"TATACOMM","EQ","06-Mar-2025","1,390.00","1,402.15","1,410.00","1,392.30","1,394.05","1,398.40","1,400.99","2,46,884","34,58,80,961.75","25,432","1,35,344","54.82"
"TATACOMM","EQ","07-Mar-2025","1,398.40","1,398.50","1,399.95","1,376.10","1,385.00","1,383.85","1,387.80","1,60,240","22,23,80,783.80","16,122","63,788","39.81"
"TATACOMM","EQ","10-Mar-2025","1,383.85","1,385.00","1,397.95","1,361.00","1,366.00","1,373.20","1,379.93","2,39,890","33,10,32,199.70","21,989","1,19,327","49.74"
"TATACOMM","EQ","11-Mar-2025","1,373.20","1,366.00","1,502.45","1,366.00","1,488.00","1,492.35","1,463.53","43,16,906","6,31,79,25,811.70","1,38,971","5,36,781","12.43"
"TATACOMM","EQ","12-Mar-2025","1,492.35","1,487.00","1,519.90","1,476.00","1,505.55","1,508.05","1,501.18","9,62,745","1,44,52,55,995.50","53,742","2,81,162","29.20"
"TATACOMM","EQ","13-Mar-2025","1,508.05","1,500.00","1,527.00","1,494.75","1,508.95","1,503.95","1,512.88","4,45,092","67,33,72,758.45","29,193","1,91,420","43.01"
"TATACOMM","EQ","17-Mar-2025","1,503.95","1,510.45","1,520.05","1,487.05","1,502.00","1,502.60","1,500.80","3,28,175","49,25,24,951.00","32,948","1,48,348","45.20"
"TATACOMM","EQ","18-Mar-2025","1,502.60","1,504.70","1,519.95","1,491.25","1,507.00","1,506.20","1,506.21","4,05,383","61,05,91,905.45","25,912","2,09,469","51.67"
"TATACOMM","EQ","19-Mar-2025","1,506.20","1,515.00","1,577.75","1,515.00","1,563.00","1,561.10","1,561.87","12,69,986","1,98,35,56,230.70","65,872","4,15,377","32.71"
"TATACOMM","EQ","20-Mar-2025","1,561.10","1,576.10","1,615.00","1,567.00","1,601.25","1,605.20","1,599.62","7,48,197","1,19,68,28,808.75","42,372","3,49,132","46.66"
"TATACOMM","EQ","21-Mar-2025","1,605.20","1,604.80","1,625.00","1,594.60","1,611.00","1,610.00","1,611.52","4,73,951","76,37,81,544.40","35,230","2,84,657","60.06"
"TATACOMM","EQ","24-Mar-2025","1,610.00","1,619.80","1,631.55","1,597.05","1,612.25","1,611.95","1,614.28","5,01,821","81,00,80,156.50","49,970","2,89,336","57.66"
"TATACOMM","EQ","25-Mar-2025","1,611.95","1,625.00","1,625.00","1,575.30","1,578.05","1,578.25","1,593.52","2,68,096","42,72,15,266.40","24,937","1,14,545","42.73"
"TATACOMM","EQ","26-Mar-2025","1,578.25","1,586.50","1,608.85","1,577.30","1,605.15","1,604.95","1,596.72","2,78,624","44,48,85,660.20","23,549","1,14,325","41.03"
"TATACOMM","EQ","27-Mar-2025","1,604.95","1,603.55","1,612.30","1,580.30","1,589.50","1,594.55","1,594.23","4,89,224","77,99,34,182.40","35,179","3,03,549","62.05"
"TATACOMM","EQ","28-Mar-2025","1,594.55","1,605.00","1,620.00","1,574.95","1,575.00","1,578.20","1,588.31","4,44,943","70,67,07,624.30","25,111","2,89,092","64.97"
"TATACOMM","EQ","01-Apr-2025","1,578.20","1,580.00","1,610.65","1,566.00","1,579.50","1,579.65","1,584.38","2,96,042","46,90,43,448.10","31,603","1,36,302","46.04"
"TATACOMM","EQ","02-Apr-2025","1,579.65","1,583.95","1,598.85","1,561.70","1,592.00","1,595.20","1,588.71","1,91,301","30,39,21,812.95","18,966","1,06,009","55.41"
"TATACOMM","EQ","03-Apr-2025","1,595.20","1,582.00","1,638.65","1,581.95","1,629.00","1,631.25","1,614.36","2,41,455","38,97,94,286.70","18,556","1,01,855","42.18"
"TATACOMM","EQ","04-Apr-2025","1,631.25","1,631.25","1,631.25","1,589.35","1,601.00","1,598.05","1,602.79","2,05,897","33,00,10,278.55","30,117","88,773","43.12"
"TATACOMM","EQ","07-Apr-2025","1,598.05","1,512.00","1,565.00","1,495.75","1,565.00","1,549.85","1,533.17","2,97,314","45,58,32,225.15","24,819","1,24,522","41.88"
"TATACOMM","EQ","08-Apr-2025","1,549.85","1,567.35","1,588.20","1,546.30","1,563.15","1,565.50","1,566.39","1,98,820","31,14,28,889.75","15,544","86,600","43.56"
"TATACOMM","EQ","09-Apr-2025","1,565.50","1,565.00","1,565.00","1,528.20","1,542.05","1,547.35","1,545.57","1,68,850","26,09,69,180.45","14,091","74,648","44.21"
"TATACOMM","EQ","11-Apr-2025","1,547.35","1,564.95","1,600.00","1,543.05","1,555.60","1,564.25","1,577.72","2,98,412","47,08,11,779.10","17,870","1,45,540","48.77"
"TATACOMM","EQ","15-Apr-2025","1,564.25","1,586.00","1,598.30","1,540.00","1,588.10","1,591.00","1,560.08","6,92,147","1,07,98,06,770.30","38,717","3,65,853","52.86"
"TATACOMM","EQ","16-Apr-2025","1,591.00","1,588.10","1,617.00","1,579.40","1,591.00","1,593.70","1,599.86","2,73,529","43,76,08,337.60","22,125","77,043","28.17"
"TATACOMM","EQ","17-Apr-2025","1,593.70","1,599.00","1,610.00","1,560.30","1,567.00","1,565.00","1,582.19","2,44,987","38,76,15,432.10","18,284","74,981","30.61"
"TATACOMM","EQ","21-Apr-2025","1,565.00","1,578.00","1,587.30","1,537.10","1,573.00","1,573.80","1,565.45","5,20,767","81,52,33,613.10","30,832","1,97,654","37.95"
"TATACOMM","EQ","22-Apr-2025","1,573.80","1,584.80","1,617.90","1,560.60","1,598.00","1,598.70","1,595.28","5,41,851","86,44,02,068.90","38,944","1,70,102","31.39"
"TATACOMM","EQ","23-Apr-2025","1,598.70","1,650.00","1,655.30","1,577.10","1,587.00","1,584.40","1,601.41","17,86,931","2,86,16,12,089.30","86,749","5,64,043","31.56"
"TATACOMM","EQ","24-Apr-2025","1,584.40","1,597.30","1,623.00","1,556.00","1,605.00","1,608.10","1,591.60","16,10,300","2,56,29,51,786.60","56,990","8,02,020","49.81"
"TATACOMM","EQ","25-Apr-2025","1,608.10","1,610.00","1,623.00","1,535.10","1,564.20","1,569.60","1,569.80","6,99,413","1,09,79,39,251.00","30,393","3,53,231","50.50"
"TATACOMM","EQ","28-Apr-2025","1,569.60","1,566.80","1,592.00","1,560.10","1,578.00","1,581.10","1,577.48","1,80,311","28,44,37,212.50","15,740","50,753","28.15"
"TATACOMM","EQ","29-Apr-2025","1,581.10","1,578.00","1,606.30","1,567.50","1,578.10","1,579.50","1,582.11","2,63,086","41,62,31,412.50","13,851","1,34,419","51.09"
"TATACOMM","EQ","30-Apr-2025","1,579.50","1,584.00","1,601.00","1,568.20","1,584.00","1,591.40","1,592.38","3,82,030","60,83,38,562.90","19,609","1,88,847","49.43"
"TATACOMM","EQ","02-May-2025","1,591.40","1,599.00","1,599.00","1,553.80","1,556.00","1,559.20","1,571.01","3,66,576","57,58,93,970.70","27,778","2,06,947","56.45"
"TATACOMM","EQ","05-May-2025","1,559.20","1,557.50","1,598.00","1,555.10","1,592.70","1,591.10","1,580.20","4,57,874","72,35,30,831.00","24,732","3,12,225","68.19"
"TATACOMM","EQ","06-May-2025","1,591.10","1,585.10","1,608.50","1,541.50","1,544.40","1,545.60","1,568.53","2,60,143","40,80,41,856.70","20,655","1,21,416","46.67"
"TATACOMM","EQ","07-May-2025","1,545.60","1,520.60","1,552.30","1,520.60","1,549.00","1,543.60","1,537.77","3,12,215","48,01,13,797.50","26,714","1,66,763","53.41"
"TATACOMM","EQ","08-May-2025","1,543.60","1,540.00","1,562.00","1,495.00","1,500.00","1,507.50","1,528.13","2,16,957","33,15,37,863.20","21,196","86,293","39.77"
"TATACOMM","EQ","09-May-2025","1,507.50","1,485.00","1,522.00","1,470.80","1,515.10","1,515.80","1,498.48","1,92,516","28,84,81,518.20","19,989","63,923","33.20"
"TATACOMM","EQ","12-May-2025","1,515.80","1,549.90","1,572.00","1,542.10","1,572.00","1,567.40","1,559.91","2,07,887","32,42,85,787.60","16,242","1,13,332","54.52"
"TATACOMM","EQ","13-May-2025","1,567.40","1,567.40","1,577.00","1,553.00","1,567.00","1,565.30","1,564.42","3,51,388","54,97,20,015.20","38,656","1,88,354","53.60"
"TATACOMM","EQ","14-May-2025","1,565.30","1,571.90","1,620.00","1,560.00","1,605.00","1,603.80","1,591.34","4,83,675","76,96,93,239.70","48,120","2,53,476","52.41"
"TATACOMM","EQ","15-May-2025","1,603.80","1,609.90","1,619.00","1,595.80","1,611.20","1,615.10","1,609.22","3,97,953","64,03,95,503.90","36,061","2,02,299","50.83"
"TATACOMM","EQ","16-May-2025","1,615.10","1,615.20","1,634.30","1,604.10","1,634.00","1,632.30","1,622.11","5,37,281","87,15,26,743.40","33,357","3,29,657","61.36"
"TATACOMM","EQ","19-May-2025","1,632.30","1,625.00","1,662.00","1,613.80","1,649.90","1,643.50","1,641.81","7,59,428","1,24,68,34,013.80","33,126","4,73,176","62.31"
"TATACOMM","EQ","20-May-2025","1,643.50","1,650.00","1,654.80","1,620.00","1,636.70","1,634.30","1,631.07","5,61,074","91,51,50,975.70","27,747","3,92,491","69.95"
"TATACOMM","EQ","21-May-2025","1,634.30","1,635.00","1,671.00","1,624.00","1,670.00","1,664.70","1,657.96","4,58,448","76,00,89,614.00","27,854","2,44,794","53.40"
"TATACOMM","EQ","22-May-2025","1,664.70","1,670.00","1,685.00","1,651.10","1,671.80","1,667.40","1,666.19","6,56,893","1,09,45,08,044.50","27,203","3,64,991","55.56"
"TATACOMM","EQ","23-May-2025","1,667.40","1,667.40","1,689.40","1,664.80","1,668.70","1,674.60","1,679.46","1,91,866","32,22,31,435.70","14,797","78,850","41.10"
"TATACOMM","EQ","26-May-2025","1,674.60","1,675.00","1,693.60","1,661.80","1,690.00","1,690.70","1,681.79","4,75,476","79,96,49,222.90","25,867","3,17,077","66.69"
"TATACOMM","EQ","27-May-2025","1,690.70","1,690.00","1,696.00","1,669.00","1,687.50","1,687.90","1,686.76","3,51,665","59,31,74,395.00","26,999","2,16,027","61.43"
"TATACOMM","EQ","28-May-2025","1,687.90","1,685.00","1,697.50","1,670.00","1,690.50","1,690.10","1,686.70","3,09,830","52,25,91,102.50","25,811","1,93,702","62.52"
"TATACOMM","EQ","29-May-2025","1,690.10","1,691.00","1,699.00","1,679.00","1,697.00","1,688.40","1,689.36","4,40,526","74,42,06,188.90","25,539","2,68,028","60.84"
"TATACOMM","EQ","30-May-2025","1,688.40","1,696.50","1,696.70","1,665.40","1,681.90","1,676.20","1,675.30","11,47,427","1,92,22,84,634.10","35,053","8,39,458","73.16"
"TATACOMM","EQ","02-Jun-2025","1,676.20","1,676.20","1,682.20","1,650.00","1,660.10","1,676.20","1,670.39","2,04,201","34,10,95,344.60","19,028","1,09,082","53.42"
"TATACOMM","EQ","03-Jun-2025","1,676.20","1,670.00","1,689.30","1,650.60","1,660.00","1,663.20","1,667.88","3,84,326","64,10,09,168.70","30,592","2,13,771","55.62"
"TATACOMM","EQ","04-Jun-2025","1,663.20","1,663.20","1,685.90","1,646.60","1,684.20","1,682.70","1,671.20","2,01,572","33,68,67,945.10","16,243","1,06,186","52.68"
"TATACOMM","EQ","05-Jun-2025","1,682.70","1,683.50","1,718.80","1,683.50","1,714.70","1,713.10","1,710.70","2,68,839","45,99,02,200.90","25,011","1,10,272","41.02"
"TATACOMM","EQ","06-Jun-2025","1,713.10","1,722.00","1,724.80","1,708.30","1,711.00","1,713.10","1,715.53","1,18,217","20,28,05,049.10","12,237","43,030","36.40"
"TATACOMM","EQ","09-Jun-2025","1,713.10","1,715.00","1,749.90","1,715.00","1,746.10","1,744.60","1,735.80","1,60,012","27,77,49,016.30","12,798","61,424","38.39"
"TATACOMM","EQ","10-Jun-2025","1,744.60","1,755.00","1,760.00","1,728.50","1,730.10","1,735.00","1,737.06","3,25,350","56,51,54,058.50","15,596","2,21,620","68.12"
"TATACOMM","EQ","11-Jun-2025","1,735.00","1,729.80","1,733.80","1,697.00","1,714.30","1,712.80","1,713.58","4,71,313","80,76,30,320.40","32,689","1,89,874","40.29"
"TATACOMM","EQ","12-Jun-2025","1,712.80","1,730.00","1,731.90","1,692.50","1,701.70","1,700.70","1,705.91","3,24,324","55,32,66,346.80","28,857","2,06,859","63.78"
"TATACOMM","EQ","13-Jun-2025","1,700.70","1,666.00","1,712.40","1,654.30","1,702.90","1,706.00","1,698.07","3,29,268","55,91,20,786.00","19,649","2,04,248","62.03"
"TATACOMM","EQ","16-Jun-2025","1,706.00","1,705.00","1,717.00","1,687.60","1,715.00","1,710.50","1,705.39","1,17,822","20,09,31,902.50","10,992","67,638","57.41"
"TATACOMM","EQ","17-Jun-2025","1,710.50","1,711.00","1,722.90","1,701.00","1,703.00","1,709.60","1,710.54","3,35,254","57,34,64,984.00","18,250","1,87,040","55.79"
"TATACOMM","EQ","18-Jun-2025","1,709.60","1,714.70","1,719.00","1,690.70","1,705.40","1,699.70","1,701.98","1,55,711","26,50,16,333.80","10,504","75,638","48.58"
"TATACOMM","EQ","19-Jun-2025","1,699.70","1,678.00","1,683.00","1,637.50","1,642.00","1,648.70","1,653.03","3,15,327","52,12,45,185.70","18,862","1,72,666","54.76"
"TATACOMM","EQ","20-Jun-2025","1,648.70","1,648.70","1,663.70","1,630.00","1,650.00","1,654.50","1,649.42","2,43,281","40,12,71,914.00","16,738","1,22,806","50.48"
"TATACOMM","EQ","23-Jun-2025","1,654.50","1,649.70","1,668.50","1,638.00","1,645.70","1,643.70","1,647.69","3,44,916","56,83,15,316.30","28,376","1,68,540","48.86"
"TATACOMM","EQ","24-Jun-2025","1,643.70","1,655.80","1,675.90","1,636.00","1,648.50","1,645.90","1,654.28","4,05,865","67,14,12,877.80","31,839","1,57,352","38.77"
"TATACOMM","EQ","25-Jun-2025","1,645.90","1,650.00","1,676.40","1,643.50","1,671.20","1,672.20","1,662.96","4,56,321","75,88,45,520.90","20,628","2,65,811","58.25"
"TATACOMM","EQ","26-Jun-2025","1,672.20","1,682.00","1,682.50","1,657.40","1,673.00","1,673.00","1,670.27","3,30,788","55,25,05,185.60","18,934","1,83,169","55.37"
"TATACOMM","EQ","27-Jun-2025","1,673.00","1,676.60","1,701.80","1,673.00","1,680.50","1,678.80","1,685.33","2,35,914","39,75,93,338.80","21,186","64,187","27.21"
"TATACOMM","EQ","30-Jun-2025","1,678.80","1,687.90","1,699.90","1,672.00","1,686.60","1,690.60","1,685.37","1,83,593","30,94,22,276.40","23,804","1,02,030","55.57"
"TATACOMM","EQ","01-Jul-2025","1,690.60","1,686.60","1,756.00","1,684.10","1,750.20","1,725.80","1,712.68","2,50,794","42,95,30,411.40","16,217","1,11,086","44.29"
"TATACOMM","EQ","02-Jul-2025","1,725.80","1,791.00","1,818.70","1,747.10","1,808.00","1,807.50","1,795.48","35,32,942","6,34,33,40,516.20","1,14,880","8,15,154","23.07"
"TATACOMM","EQ","03-Jul-2025","1,807.50","1,802.00","1,807.50","1,766.60","1,770.60","1,778.00","1,781.43","12,10,447","2,15,63,30,609.60","35,012","7,20,152","59.49"
"TATACOMM","EQ","04-Jul-2025","1,778.00","1,778.00","1,791.40","1,754.40","1,763.10","1,762.40","1,766.08","6,96,115","1,22,93,93,807.70","28,056","4,77,866","68.65"
"TATACOMM","EQ","07-Jul-2025","1,762.40","1,757.10","1,777.50","1,755.00","1,764.40","1,768.30","1,767.46","2,56,506","45,33,63,795.80","20,869","1,38,364","53.94"
"TATACOMM","EQ","08-Jul-2025","1,768.30","1,760.30","1,768.10","1,745.20","1,760.60","1,763.50","1,756.17","2,49,301","43,78,13,954.60","17,592","1,48,803","59.69"
"TATACOMM","EQ","09-Jul-2025","1,763.50","1,761.10","1,771.80","1,743.40","1,755.90","1,761.20","1,761.30","2,57,462","45,34,66,712.40","14,048","1,46,136","56.76"
"TATACOMM","EQ","10-Jul-2025","1,761.20","1,761.20","1,769.50","1,744.50","1,753.00","1,753.40","1,753.55","2,69,342","47,23,05,526.20","18,707","1,69,793","63.04"
"TATACOMM","EQ","11-Jul-2025","1,753.40","1,753.40","1,766.00","1,698.10","1,712.90","1,711.80","1,726.23","8,73,701","1,50,82,05,648.30","49,252","5,07,578","58.10"
"TATACOMM","EQ","14-Jul-2025","1,711.80","1,718.00","1,719.00","1,700.10","1,709.50","1,713.40","1,711.27","5,19,669","88,92,94,785.90","31,139","3,14,683","60.55"
"TATACOMM","EQ","15-Jul-2025","1,713.40","1,715.10","1,732.40","1,710.00","1,730.00","1,728.70","1,722.35","1,48,444","25,56,72,121.50","16,026","53,572","36.09"
"TATACOMM","EQ","16-Jul-2025","1,728.70","1,733.70","1,742.30","1,718.10","1,722.00","1,724.10","1,728.14","1,72,293","29,77,46,015.10","22,523","71,586","41.55"
"TATACOMM","EQ","17-Jul-2025","1,724.10","1,731.00","1,737.90","1,705.00","1,729.50","1,731.60","1,725.37","2,09,083","36,07,44,712.30","20,353","72,480","34.67"
"TATACOMM","EQ","18-Jul-2025","1,731.60","1,700.30","1,813.10","1,700.30","1,763.50","1,763.80","1,780.53","34,63,462","6,16,67,97,085.30","1,54,214","7,68,438","22.19"
"TATACOMM","EQ","21-Jul-2025","1,763.80","1,763.70","1,804.40","1,741.10","1,776.50","1,771.20","1,778.61","6,50,988","1,15,78,51,425.20","41,817","1,65,531","25.43"
"TATACOMM","EQ","22-Jul-2025","1,771.20","1,773.90","1,777.90","1,730.20","1,733.00","1,736.70","1,749.65","4,56,869","79,93,62,485.20","42,698","2,29,889","50.32"
"TATACOMM","EQ","23-Jul-2025","1,736.70","1,734.70","1,752.10","1,715.60","1,737.80","1,741.60","1,732.58","2,78,934","48,32,75,819.50","27,006","1,24,463","44.62"
"TATACOMM","EQ","24-Jul-2025","1,741.60","1,740.00","1,740.00","1,713.00","1,724.40","1,728.50","1,725.86","1,66,058","28,65,92,686.90","17,133","61,364","36.95"
"TATACOMM","EQ","25-Jul-2025","1,728.50","1,724.80","1,740.90","1,702.50","1,720.00","1,728.80","1,726.99","3,76,869","65,08,49,433.10","22,820","1,90,578","50.57"
"TATACOMM","EQ","28-Jul-2025","1,728.80","1,720.00","1,746.60","1,697.00","1,727.90","1,724.60","1,719.10","4,97,095","85,45,58,058.80","35,020","2,28,856","46.04"
"TATACOMM","EQ","29-Jul-2025","1,724.60","1,718.10","1,757.30","1,715.90","1,728.20","1,729.40","1,731.80","4,42,463","76,62,58,037.50","37,351","2,27,402","51.39"
"TATACOMM","EQ","30-Jul-2025","1,729.40","1,729.90","1,765.00","1,726.50","1,761.00","1,758.60","1,751.95","3,85,517","67,54,06,446.10","24,168","1,78,494","46.30"
"TATACOMM","EQ","31-Jul-2025","1,758.60","1,766.00","1,782.90","1,701.30","1,711.60","1,724.70","1,742.78","6,22,290","1,08,45,12,758.80","32,414","2,66,041","42.75"
"TATACOMM","EQ","01-Aug-2025","1,724.70","1,720.10","1,732.20","1,660.00","1,663.00","1,667.20","1,685.46","2,14,125","36,08,99,575.00","24,089","82,002","38.30"
"TATACOMM","EQ","04-Aug-2025","1,667.20","1,666.00","1,683.30","1,622.90","1,677.00","1,675.40","1,654.43","2,10,226","34,78,04,102.40","20,790","84,264","40.08"
"TATACOMM","EQ","05-Aug-2025","1,675.40","1,688.10","1,712.80","1,656.90","1,678.90","1,691.20","1,677.57","1,97,782","33,17,92,811.70","24,277","89,113","45.06"
"TATACOMM","EQ","06-Aug-2025","1,691.20","1,689.10","1,703.90","1,659.90","1,682.00","1,685.00","1,681.62","1,59,501","26,82,20,402.80","14,514","90,899","56.99"
"TATACOMM","EQ","07-Aug-2025","1,685.00","1,679.30","1,681.00","1,655.10","1,675.30","1,672.50","1,667.58","2,48,032","41,36,14,154.40","18,509","1,76,649","71.22"
"TATACOMM","EQ","08-Aug-2025","1,672.50","1,666.60","1,672.50","1,639.40","1,667.00","1,654.50","1,655.24","1,08,931","18,03,06,910.80","10,535","63,349","58.16"
"TATACOMM","EQ","11-Aug-2025","1,654.50","1,650.00","1,672.80","1,645.10","1,660.10","1,664.90","1,658.87","3,69,305","61,26,29,261.70","12,569","3,16,982","85.83"
"TATACOMM","EQ","12-Aug-2025","1,664.90","1,658.50","1,664.00","1,620.10","1,631.00","1,627.00","1,642.47","2,11,374","34,71,76,087.40","13,049","1,56,255","73.92"
"TATACOMM","EQ","13-Aug-2025","1,627.00","1,637.60","1,645.50","1,619.00","1,640.00","1,639.80","1,634.85","1,34,127","21,92,77,569.80","17,804","81,711","60.92"
"TATACOMM","EQ","14-Aug-2025","1,639.80","1,640.00","1,706.80","1,640.00","1,693.00","1,694.90","1,678.41","2,43,641","40,89,29,602.30","25,332","97,527","40.03"
"TATACOMM","EQ","18-Aug-2025","1,694.90","1,699.00","1,713.30","1,651.90","1,686.00","1,673.40","1,682.16","1,48,861","25,04,07,799.00","16,299","57,834","38.85"
"TATACOMM","EQ","19-Aug-2025","1,673.40","1,673.90","1,698.00","1,624.10","1,665.00","1,668.80","1,652.93","2,36,976","39,17,05,294.90","15,114","1,33,368","56.28"
"TATACOMM","EQ","20-Aug-2025","1,668.80","1,668.70","1,674.70","1,640.00","1,642.00","1,645.20","1,652.40","86,667","14,32,08,667.70","9,751","46,385","53.52"
"TATACOMM","EQ","21-Aug-2025","1,645.20","1,650.00","1,654.10","1,580.90","1,591.30","1,589.00","1,602.77","36,45,917","5,84,35,54,785.50","64,737","30,08,031","82.50"
"TATACOMM","EQ","22-Aug-2025","1,589.00","1,589.00","1,609.50","1,582.80","1,608.00","1,604.50","1,602.38","5,54,087","88,78,55,773.20","35,534","3,86,184","69.70"
"TATACOMM","EQ","25-Aug-2025","1,604.50","1,604.50","1,617.70","1,585.90","1,587.90","1,594.80","1,598.23","19,61,794","3,13,53,97,297.50","23,416","17,91,213","91.30"
"TATACOMM","EQ","26-Aug-2025","1,594.80","1,589.90","1,604.50","1,555.50","1,565.00","1,562.80","1,568.88","7,37,402","1,15,68,96,690.10","41,746","5,15,317","69.88"
"TATACOMM","EQ","28-Aug-2025","1,562.80","1,583.10","1,585.00","1,545.80","1,556.00","1,559.60","1,558.88","3,23,930","50,49,67,910.30","34,862","1,82,670","56.39"
"TATACOMM","EQ","29-Aug-2025","1,559.60","1,559.80","1,561.80","1,520.10","1,549.00","1,548.60","1,542.81","4,58,704","70,76,90,973.60","37,875","2,64,773","57.72"
"TATACOMM","EQ","01-Sep-2025","1,548.60","1,560.00","1,567.90","1,540.00","1,557.20","1,561.00","1,558.63","1,35,915","21,18,40,949.00","14,620","73,418","54.02"
"TATACOMM","EQ","02-Sep-2025","1,561.00","1,565.00","1,568.50","1,549.10","1,557.80","1,551.50","1,554.95","89,974","13,99,04,962.00","7,370","54,810","60.92"
"TATACOMM","EQ","03-Sep-2025","1,551.50","1,561.00","1,576.90","1,554.70","1,565.20","1,566.10","1,565.44","9,54,704","1,49,45,27,215.50","16,703","8,53,193","89.37"
"TATACOMM","EQ","04-Sep-2025","1,566.10","1,566.90","1,578.10","1,548.00","1,554.00","1,554.30","1,554.78","5,25,937","81,77,18,718.80","17,508","4,13,166","78.56"
"TATACOMM","EQ","05-Sep-2025","1,554.30","1,550.00","1,561.80","1,536.40","1,550.70","1,549.60","1,548.64","1,67,009","25,86,37,138.50","11,521","1,11,081","66.51"
"TATACOMM","EQ","08-Sep-2025","1,549.60","1,560.60","1,560.60","1,541.00","1,549.00","1,547.00","1,549.36","1,05,826","16,39,62,492.50","10,179","54,694","51.68"
"TATACOMM","EQ","09-Sep-2025","1,547.00","1,549.00","1,614.40","1,547.20","1,609.60","1,603.50","1,590.75","6,23,935","99,25,25,009.50","24,279","3,67,312","58.87"
"TATACOMM","EQ","10-Sep-2025","1,603.50","1,612.00","1,624.40","1,575.10","1,583.80","1,582.70","1,589.18","2,48,548","39,49,87,145.90","19,711","1,41,210","56.81"
"TATACOMM","EQ","11-Sep-2025","1,582.70","1,583.00","1,590.90","1,574.00","1,583.80","1,583.30","1,580.45","2,18,717","34,56,71,854.70","21,681","1,60,680","73.46"
"TATACOMM","EQ","12-Sep-2025","1,583.30","1,585.40","1,619.80","1,578.50","1,609.00","1,614.00","1,611.52","3,72,217","59,98,35,616.90","15,627","2,85,786","76.78"
"TATACOMM","EQ","15-Sep-2025","1,614.00","1,614.00","1,675.00","1,603.20","1,673.20","1,670.30","1,655.43","3,58,797","59,39,62,559.00","25,079","1,66,266","46.34"
"TATACOMM","EQ","16-Sep-2025","1,670.30","1,685.00","1,725.00","1,673.50","1,711.40","1,713.80","1,709.01","4,06,161","69,41,32,336.30","30,504","1,75,516","43.21"
"TATACOMM","EQ","17-Sep-2025","1,713.80","1,720.00","1,725.90","1,680.90","1,698.40","1,693.10","1,698.48","2,27,022","38,55,92,896.20","17,146","1,34,254","59.14"
"TATACOMM","EQ","18-Sep-2025","1,693.10","1,703.00","1,745.20","1,676.00","1,679.70","1,683.60","1,704.69","3,99,160","68,04,45,877.40","29,956","1,87,245","46.91"
"TATACOMM","EQ","19-Sep-2025","1,683.60","1,690.90","1,729.70","1,674.00","1,690.00","1,684.40","1,692.98","6,60,439","1,11,81,10,298.10","42,171","3,85,486","58.37"
"TATACOMM","EQ","22-Sep-2025","1,684.40","1,684.40","1,699.00","1,647.80","1,652.00","1,652.90","1,668.59","1,19,952","20,01,51,295.20","11,507","58,162","48.49"
"TATACOMM","EQ","23-Sep-2025","1,652.90","1,666.40","1,675.00","1,642.40","1,669.70","1,655.30","1,655.09","1,40,911","23,32,19,819.30","12,372","71,849","50.99"
"TATACOMM","EQ","24-Sep-2025","1,655.30","1,664.00","1,669.80","1,647.90","1,650.00","1,654.60","1,656.21","1,25,768","20,82,98,465.90","10,482","66,473","52.85"
"TATACOMM","EQ","25-Sep-2025","1,654.60","1,655.00","1,673.30","1,637.70","1,645.80","1,658.80","1,656.61","1,55,533","25,76,57,675.50","10,982","92,917","59.74"
"TATACOMM","EQ","26-Sep-2025","1,658.80","1,642.00","1,660.30","1,605.00","1,606.00","1,613.70","1,621.80","1,47,048","23,84,81,741.40","15,376","84,123","57.21"
"TATACOMM","EQ","29-Sep-2025","1,613.70","1,618.00","1,642.80","1,597.30","1,625.00","1,613.00","1,626.87","4,18,238","68,04,19,369.60","43,930","2,96,850","70.98"
"TATACOMM","EQ","30-Sep-2025","1,613.00","1,627.90","1,643.10","1,601.20","1,615.60","1,613.30","1,618.65","1,83,007","29,62,23,678.70","27,902","88,199","48.19"
"TATACOMM","EQ","01-Oct-2025","1,613.30","1,613.30","1,624.90","1,591.50","1,610.00","1,613.20","1,603.70","2,18,770","35,08,42,244.40","22,754","1,30,348","59.58"
"TATACOMM","EQ","03-Oct-2025","1,613.20","1,613.20","1,622.60","1,599.20","1,616.00","1,613.80","1,612.97","1,74,603","28,16,29,605.70","15,474","1,01,706","58.25"
"TATACOMM","EQ","06-Oct-2025","1,613.80","1,613.80","1,668.90","1,592.80","1,657.00","1,658.50","1,641.94","2,54,214","41,74,05,288.80","23,269","92,157","36.25"
"TATACOMM","BL","07-Oct-2025","1,313.85","1,658.50","1,658.50","1,658.50","1,658.50","1,658.50","1,658.50","1,57,166","26,06,59,811.00","1","-","-"
"TATACOMM","EQ","07-Oct-2025","1,658.50","1,666.00","1,674.90","1,650.00","1,658.10","1,662.50","1,662.94","99,963","16,62,32,648.50","11,601","47,946","47.96"
"TATACOMM","EQ","08-Oct-2025","1,662.50","1,672.50","1,708.00","1,659.10","1,690.00","1,689.20","1,688.06","4,49,032","75,79,95,054.20","25,316","2,84,995","63.47"
"TATACOMM","EQ","09-Oct-2025","1,689.20","1,677.00","1,705.00","1,671.50","1,696.90","1,696.80","1,692.46","1,40,768","23,82,44,525.70","15,147","67,693","48.09"
"TATACOMM","EQ","10-Oct-2025","1,696.80","1,701.60","1,947.90","1,701.60","1,857.20","1,870.20","1,871.75","1,45,34,247","27,20,44,72,266.60","5,14,787","23,38,763","16.09"
"TATACOMM","EQ","13-Oct-2025","1,870.20","1,833.00","1,853.40","1,786.00","1,788.80","1,798.20","1,823.76","10,42,994","1,90,21,66,830.50","53,220","1,69,100","16.21"
"TATACOMM","EQ","14-Oct-2025","1,798.20","1,799.10","1,899.00","1,790.00","1,880.00","1,872.60","1,863.09","35,85,496","6,68,01,08,742.60","1,24,088","15,65,130","43.65"
"TATACOMM","EQ","15-Oct-2025","1,872.60","1,945.00","1,999.00","1,880.00","1,938.00","1,955.10","1,940.60","70,94,725","13,76,80,08,711.10","2,66,121","14,66,455","20.67"
"TATACOMM","EQ","16-Oct-2025","1,955.10","1,938.00","2,004.00","1,908.30","1,960.00","1,971.30","1,960.04","26,79,217","5,25,13,85,514.20","96,781","10,00,660","37.35"
"TATACOMM","EQ","17-Oct-2025","1,971.30","1,968.00","1,978.50","1,916.00","1,922.00","1,926.90","1,941.10","6,69,152","1,29,88,88,483.20","41,698","2,06,393","30.84"
"TATACOMM","EQ","20-Oct-2025","1,926.90","1,935.50","1,940.00","1,862.40","1,907.00","1,905.10","1,900.91","7,78,439","1,47,97,40,358.70","44,905","2,69,338","34.60"
"TATACOMM","EQ","21-Oct-2025","1,905.10","1,911.80","1,929.90","1,901.00","1,907.50","1,915.30","1,917.46","52,989","10,16,04,506.10","4,145","12,396","23.39"
"TATACOMM","EQ","23-Oct-2025","1,915.30","1,919.00","1,919.40","1,846.40","1,852.30","1,852.20","1,870.72","3,03,295","56,73,78,909.60","22,940","1,23,931","40.86"
"TATACOMM","EQ","24-Oct-2025","1,852.20","1,865.00","1,908.40","1,843.10","1,890.00","1,896.00","1,879.68","3,48,115","65,43,45,546.10","23,923","87,560","25.15"
"TATACOMM","EQ","27-Oct-2025","1,896.00","1,895.60","1,953.60","1,890.00","1,937.00","1,941.30","1,930.71","5,69,518","1,09,95,74,480.90","37,891","2,54,700","44.72"
"TATACOMM","EQ","28-Oct-2025","1,941.30","1,941.00","1,942.00","1,892.80","1,901.00","1,906.70","1,908.73","3,16,026","60,32,07,922.90","25,923","1,66,281","52.62"
"TATACOMM","EQ","29-Oct-2025","1,906.70","1,905.10","1,918.40","1,878.30","1,907.00","1,909.70","1,902.11","1,62,596","30,92,76,028.90","19,680","71,957","44.26"
"TATACOMM","EQ","30-Oct-2025","1,909.70","1,909.70","1,958.40","1,900.20","1,916.00","1,913.80","1,926.87","5,66,326","1,09,12,35,398.80","33,715","2,54,983","45.02"
"TATACOMM","EQ","31-Oct-2025","1,913.80","1,914.70","1,914.70","1,870.80","1,873.00","1,875.40","1,888.89","1,51,996","28,71,03,057.00","14,649","69,151","45.50"
"TATACOMM","EQ","03-Nov-2025","1,875.40","1,875.40","1,910.00","1,861.00","1,904.00","1,901.00","1,886.22","1,72,062","32,45,46,164.40","18,769","74,259","43.16"
"TATACOMM","EQ","04-Nov-2025","1,901.00","1,906.70","1,940.00","1,891.00","1,891.80","1,905.40","1,912.34","2,66,994","51,05,83,378.80","23,572","1,38,188","51.76"
"TATACOMM","EQ","06-Nov-2025","1,905.40","1,905.40","1,905.40","1,836.00","1,843.70","1,842.00","1,865.76","2,44,304","45,58,11,448.60","24,220","1,44,729","59.24"
"TATACOMM","EQ","07-Nov-2025","1,842.00","1,840.00","1,854.10","1,817.60","1,850.00","1,849.40","1,845.22","2,35,066","43,37,48,941.40","20,445","1,58,092","67.25"
"TATACOMM","EQ","10-Nov-2025","1,849.40","1,831.50","1,864.40","1,821.20","1,854.90","1,843.90","1,843.57","1,47,135","27,12,53,388.90","17,420","71,018","48.27"
"TATACOMM","EQ","11-Nov-2025","1,843.90","1,846.40","1,853.00","1,826.20","1,840.00","1,840.00","1,838.88","1,03,987","19,12,19,158.80","10,128","59,241","56.97"
"TATACOMM","EQ","12-Nov-2025","1,840.00","1,843.60","1,855.00","1,808.10","1,825.00","1,840.00","1,827.42","2,52,740","46,18,62,685.80","16,681","1,20,845","47.81"
"TATACOMM","EQ","13-Nov-2025","1,840.00","1,842.10","1,905.20","1,836.10","1,888.20","1,888.70","1,882.69","3,57,069","67,22,50,346.60","28,166","1,28,849","36.09"
"TATACOMM","EQ","14-Nov-2025","1,888.70","1,894.90","1,917.40","1,865.40","1,879.00","1,874.00","1,894.36","2,84,656","53,92,41,373.00","26,124","1,19,526","41.99"
"TATACOMM","EQ","17-Nov-2025","1,874.00","1,881.20","1,910.00","1,875.70","1,907.00","1,906.90","1,903.29","2,05,924","39,19,34,050.30","20,250","1,21,290","58.90"